{"cameraMode":{"drawMode":0,"name":"Shaded","section":"Shading Mode"},"sceneLighting":false,"audioPlay":false,"sceneViewState":{"showFog":true,"showMaterialUpdate":false,"showSkybox":false,"showFlares":true,"showImageEffects":true,"showParticleSystems":true,"showVisualEffectGraphs":true,"m_FxEnabled":true},"in2DMode":false,"pivot":{"x":0.05702820420265198,"y":0.24483922123908997,"z":0.02401195466518402},"rotation":{"x":0.06606577336788178,"y":-0.3764576017856598,"z":0.02691604755818844,"w":0.9236987829208374},"size":0.48087751865386965,"orthographic":false}