{"cameraMode":{"drawMode":0,"name":"Shaded","section":"Shading Mode"},"sceneLighting":false,"audioPlay":false,"sceneViewState":{"showFog":true,"showMaterialUpdate":false,"showSkybox":false,"showFlares":true,"showImageEffects":true,"showParticleSystems":true,"showVisualEffectGraphs":true,"m_FxEnabled":true},"in2DMode":false,"pivot":{"x":-1.2957186698913575,"y":1.7451493740081788,"z":-0.6125686168670654},"rotation":{"x":0.21518591046333314,"y":-0.4080721139907837,"z":0.09960202127695084,"w":0.8816221356391907},"size":1.6115901470184327,"orthographic":false}