{"cameraMode":{"drawMode":0,"name":"Shaded","section":"Shading Mode"},"sceneLighting":false,"audioPlay":false,"sceneViewState":{"showFog":true,"showMaterialUpdate":false,"showSkybox":false,"showFlares":true,"showImageEffects":true,"showParticleSystems":true,"showVisualEffectGraphs":true,"m_FxEnabled":true},"in2DMode":false,"pivot":{"x":0.08673110604286194,"y":0.9620259404182434,"z":1.0587407350540162},"rotation":{"x":-0.06787575036287308,"y":0.9286496639251709,"z":-0.2128477245569229,"w":-0.29614049196243288},"size":0.1555524468421936,"orthographic":false}