{"cameraMode":{"drawMode":0,"name":"Shaded","section":"Shading Mode"},"sceneLighting":false,"audioPlay":false,"sceneViewState":{"showFog":true,"showMaterialUpdate":false,"showSkybox":false,"showFlares":true,"showImageEffects":true,"showParticleSystems":true,"showVisualEffectGraphs":true,"m_FxEnabled":true},"in2DMode":false,"pivot":{"x":-0.37253469228744509,"y":0.2123209536075592,"z":0.5713900327682495},"rotation":{"x":0.09687556326389313,"y":-0.33079302310943606,"z":0.034149378538131717,"w":0.9381143450737},"size":0.7544547915458679,"orthographic":false}